title,labels
"Learn Python List Comprehensions Fast","EDU,TECH"
"Quantum Computer Breakthrough Explained","SCI,TECH"
"Stock Market Crash: What Investors Should Know","FIN,NEWS"
"Epic Gameplay Highlights - Final Boss","GAM"
"10 Minute Full Body Workout","LIF"
"Top AI Gadgets of 2025","TECH"
"Champions League Final Highlights","SPO"
"Easy Homemade Pasta Recipe","LIF"
"Understanding Inflation in 5 Minutes","FIN,NEWS"
"Best 2025 Budget Smartphones Reviewed","TECH"
"Relaxing Piano Music for Study","MUS"
"Latest Space Telescope Images","SCI,NEWS"
"Crypto Regulation Update Today","FIN,NEWS"
"Marvel Series Review Episode 1","ENT"
"Speedrunning World Record Attempt","GAM"
"Healthy Meal Prep on a Budget","LIF,FIN"
"Breaking: Election Results Incoming","NEWS"
"Advanced React Patterns Guide","TECH,EDU"
"Physics of Black Holes Simplified","SCI,EDU"
"NBA Finals Game 7 Recap","SPO"
"Beginner JavaScript DOM Crash Course","EDU,TECH"
"AI Chip Makers Face New Regulations","TECH,NEWS"
"Meditation Routine to Reduce Stress","LIF"
"Ultimate Home Chest Workout No Equipment","LIF"
"Earnings Call Summary: Major Bank Q2","FIN,NEWS"
"Mars Rover Finds Unusual Mineral Deposit","SCI,NEWS"
"Indie Game Review: Pixel Quest","GAM,ENT"
"How Compound Interest Works Visually","EDU,FIN"
"Morning Yoga Flow for Flexibility","LIF"
"Top 10 Classical Piano Pieces Ranked","MUS,ENT"
"Coach Explains Defensive Strategy Breakdown","SPO,EDU"
"AI vs Traditional Search Engines Explained","TECH,EDU"
"Space Weather Forecast Impacts Satellites","SCI,NEWS,TECH"
"Cooking With Seasonal Vegetables Autumn Edition","LIF"
"Pro Esports Finals Surprising Upset","GAM,NEWS"
"Dividend Investing Myths Debunked","FIN,EDU"
"VR Headset Comparison Guide 2025","TECH,ENT"
"Late Night Talk Show Highlights Compilation","ENT"
"New Fitness Tracker Accuracy Test","TECH,LIF"
"Songwriting Tips: Building a Hook","MUS,EDU"
"Protein Pancakes High Fiber Recipe","LIF"
"Tennis Grand Slam Semi Final Analysis","SPO"
"Biotech Startups to Watch This Year","SCI,FIN,NEWS"
"Budget Travel Hacks for Students","LIF,EDU"
"Retro Console Emulation Setup Tutorial","TECH,GAM,EDU"
"How Inflation Affects Grocery Bills","FIN,LIF"
"Animated Short Film Behind The Scenes","ENT,EDU"
"Speed Chess Match Ending Explained","SPO,ENT"
"Deep Learning Optimizers Intuition","TECH,EDU"
"Healthy Sleep Science: Circadian Rhythm","SCI,LIF,EDU"
"National Team Selection Controversy","SPO,NEWS"
"Studio Mixing Basics for Vocals","MUS,EDU,TECH"
"Quarterly GDP Growth Unexpected Slowdown","FIN,NEWS"
"Game Patch Notes Balance Changes Overview","GAM,NEWS"
"Is Coffee Good for Your Heart?","SCI,LIF,NEWS"
"Neural Network Pruning Techniques","TECH,EDU"
"Sports Injury Prevention Warmups","SPO,LIF,EDU"
"Pop Music Chart Toppers This Week","MUS,NEWS"
"History of Quantum Mechanics Milestones","SCI,EDU"
"Self Hosting a Password Manager Guide","TECH,EDU"
"World Cup Qualifier Last Minute Goal","SPO,NEWS"
"Mindful Eating Strategies Explained","LIF,EDU"
"E-Scooter Safety Regulations Update","NEWS,TECH,LIF"
"Minimalist Wardrobe Capsule Planning","LIF"
"Streaming Platform Original Series Rankings","ENT,NEWS"
"Cloud Cost Optimization Checklist","TECH,FIN,EDU"
"Basketball Rookie Scouting Report","SPO,NEWS"
"Chillhop Lofi Mix for Coding","MUS,TECH"
"Fantasy RPG Build Crafting Tips","GAM,EDU"
"Why Bond Yields Spiked Today","FIN,NEWS"
"Comet Approaches Inner Solar System","SCI,NEWS"
"Acoustic Guitar Fingerstyle Patterns","MUS,EDU"
"Keto Diet Pros and Cons Backed by Research","LIF,SCI"
"Open Source License Types Explained","TECH,EDU"
"Horror Game Atmospheric Sound Design","GAM,MUS,ENT"
"Olympic Sprinter Training Day Vlog","SPO,LIF"
"SaaS Pricing Strategy Framework","FIN,TECH,EDU"
"Brain Plasticity After Learning Study","SCI,NEWS,EDU"
"Short Film Festival Award Winners","ENT,NEWS"
"Rocket Launch Abort Sequence Demo","SCI,TECH"
"Cycling Interval Workout Timer","SPO,LIF"
"Synthwave Production Tutorial","MUS,TECH,EDU"
"Minimal API Design in Python","TECH,EDU"
"Cricket World Cup Powerplay Breakdown","SPO,EDU"
"Music Theory: Circle of Fifths Made Easy","MUS,EDU"
"Urban Farming Hydroponics Basics","LIF,SCI,EDU"
"AR Glasses Adoption Market Outlook","TECH,FIN,NEWS"
"Animated Series Season Finale Review","ENT"
"Esports Strategy Draft Phase Analysis","GAM,EDU"
"Mortgage Rates Near Two-Year High","FIN,NEWS"
"Genetic Editing Ethics Debate","SCI,NEWS,EDU"
"Beginner Drum Rudiments Practice","MUS,EDU"
"Trail Running Shoe Comparison","SPO,LIF"
"Thermodynamics First Law Intuition","SCI,EDU"
"Real Estate REITs vs Direct Ownership","FIN,EDU"
"AI Coding Assistant Limitations Review","TECH,EDU"
"Volleyball Serve Mechanics Slow Motion","SPO,EDU"
"Lo-Fi Beats to Sleep and Relax","MUS,LIF"
"Pilates Core Stability Routine","LIF"
"Competitive Card Game Meta Update","GAM,NEWS"
"Macroeconomic Indicators to Watch This Week","FIN,NEWS"
"Planetary Defense Mission Explained","SCI,TECH,EDU"
"Indie Film Crowdfunding Success Tips","ENT,FIN,EDU"
"Track Cycling Aerodynamics Explained","SPO,SCI,EDU"
"Data Privacy Regulation Changes Summary","NEWS,TECH"
"Guitar Tone Pedalboard Signal Chain Guide","MUS,TECH,EDU"
"Healthy Office Lunch Ideas","LIF"
"Edge Computing vs Cloud Tradeoffs","TECH,EDU"
"High School Exam Study Planner App Demo","EDU,TECH"
"Dietetics Myths Fact Checked","LIF,SCI,EDU"
"Quarterback Passing Mechanics Breakdown","SPO,EDU"
"Classical Symphony Analysis Movement 1","MUS,EDU"
"Reinforcement Learning Policy Gradient Visualized","TECH,EDU,SCI"
"National Budget Deficit Discussion","FIN,NEWS"
"Indie Platformer Level Design Principles","GAM,EDU"
"Streaming Royalty Payout Models","MUS,FIN,NEWS"
"AI Hardware Roadmap 2026 Preview","TECH,NEWS"
"Beginner Rust Ownership Explained","TECH,EDU"
"Composing Ambient Soundscapes from Scratch","MUS,EDU"
"How Yield Curves Predict Recessions","FIN,EDU"
"Premier League Derby Tactical Review","SPO,ENT"
"Build a Personal Knowledge Base with Markdown","TECH,EDU"
"Cognitive Biases That Affect Investing","FIN,EDU,LIF"
"Deep Sea Discoveries This Month","SCI,NEWS"
"Speedrunner Routes Explained For New Players","GAM,EDU"
"15 Minute Desk Mobility Routine","LIF,EDU"
"Creating Minimalist UI in React","TECH,EDU"
"Volcanic Eruption Science Update","SCI,NEWS"
"Federal Reserve Press Conference Key Takeaways","FIN,NEWS"
"Indie Shooter Patch 1.2 Meta Shift","GAM,NEWS"
"Best Studio Headphones Under $200","MUS,TECH"
"DIY Cold Brew At Home","LIF"
"National Park Backpacking Gear Checklist","LIF,EDU"
"Saturn Rings Observation Campaign","SCI,NEWS"
"How to Read Financial Statements","FIN,EDU"
"Martial Arts Footwork Fundamentals","SPO,EDU"
"Prompt Engineering for Non Coders","TECH,EDU"
"New Music Genre Trends Emerging","MUS,NEWS"
"Urban Cycling Safety Tips","LIF,EDU"
"Open Data Portals You Should Know","TECH,EDU"
"Micro Habits for Creative Focus","LIF,EDU"
"Golf Swing Plane Fixes","SPO,EDU"
"Galaxy Formation Simulations Explained","SCI,EDU"
"Esports Team Budget Breakdown","GAM,FIN,EDU"
"Tax Deductions Most Freelancers Miss","FIN,EDU"
"Podcast Mixing Workflow Walkthrough","MUS,TECH,EDU"
"Basketball Zone Defense Counters","SPO,EDU"
"Choosing a Password Manager in 2025","TECH,EDU"
"Archaeology Dig Reveals Ancient City","SCI,NEWS"
"Dividend Safety Metrics Explained","FIN,EDU"
"How to Animate SVG Icons","TECH,EDU"
"Mind Mapping for Exam Revision","EDU,LIF"
"New Anime Season Preview","ENT,NEWS"
"Rogue Like Level Generation Ideas","GAM,EDU"
"Ocean Microplastics Research Findings","SCI,NEWS"
"Healthy High Protein Lunchbox Ideas","LIF"
"Electric Vehicle Tax Credit Changes","NEWS,FIN"
"Sprinting Starts Reaction Time Drills","SPO,EDU"
"Build a Budget Home Server","TECH,EDU"
"Superfood Claims Fact Checked","LIF,SCI,EDU"
"Global Chip Supply Chain Outlook","TECH,NEWS,FIN"
"Film Color Grading Basics in DaVinci","ENT,TECH,EDU"
"Choosing an Index Fund Step by Step","FIN,EDU"
"Jupiter Moons Volcanism Update","SCI,NEWS"
"VR Comfort Settings to Reduce Nausea","TECH,GAM,EDU"
"Street Photography Composition Rules","ENT,EDU"
"National Housing Market Weekly Pulse","FIN,NEWS"
"Climbing Technique Flagging and Back Steps","SPO,EDU"
"Docker for Data Science Projects","TECH,EDU"
"Sleep Tracking Wearables Compared","TECH,LIF"
"Emerging Infectious Disease Watchlist","SCI,NEWS"
"Guitar Alternate Picking Speed Drills","MUS,EDU"
"How Option Greeks Work Intuitively","FIN,EDU"
"Volleyball Transition Offense Tips","SPO,EDU"
"Music Sampling Legal Basics","MUS,FIN,EDU"
"Serverless vs Containers Explained","TECH,EDU"
"Comet Tail Composition Findings","SCI,NEWS"
"Meal Planning for Busy Students","LIF,EDU"
"Game Narrative Branching Design Tricks","GAM,EDU"
"Streaming Compression Tech Deep Dive","TECH,ENT,EDU"
"Food Inflation Report This Month","FIN,NEWS"
"Rowing Stroke Efficiency Workshop","SPO,EDU"
"AI Safety Debates Summarized","TECH,NEWS"
"Synth Bass Sound Design Walkthrough","MUS,TECH,EDU"
"Calisthenics Pull Progressions","LIF,SPO,EDU"
"Why Index Rebalancing Moves Prices","FIN,EDU"
"Lunar South Pole Mission Briefing","SCI,NEWS,TECH"
"Smart Home Privacy Checklist","TECH,LIF,EDU"
"Short Story Adaptation Film Review","ENT"
"Fighting Game Frame Data 101","GAM,EDU"
"Geopolitics and Commodities Snapshot","FIN,NEWS"
"Choir Blending and Intonation Tips","MUS,EDU"
"MRI Breakthrough Improves Resolution","SCI,NEWS,TECH"
"Practical Guide to A/B Testing","TECH,EDU,FIN"
"Tennis Serve Toss Consistency Drills","SPO,EDU"
"Budget Desktop Build Parts List","TECH,EDU"
"Perseverance Rover Sample Update","SCI,NEWS"
"Behavioral Finance Heuristics Explained","FIN,EDU"
"Ambient Guitar Pedal Stacking","MUS,TECH,EDU"
"Trail Marathon Nutrition Plan","LIF,SPO,EDU"
"Regulatory Changes for Fintech Startups","NEWS,FIN,TECH"
"Cloud GPU Cost Benchmarks","TECH,FIN,NEWS"
"K Pop Comeback Teaser Breakdown","ENT,NEWS"
"RPG Encounter Balance Math","GAM,EDU"
"Science Based Hydration Strategy","SCI,LIF,EDU"
"Mortgage Pre Approval Step Guide","FIN,EDU"
"Design Tokens for Scalable UIs","TECH,EDU"
"Volcano Monitoring Network Expands","SCI,NEWS"
"Acoustic Room Treatment Basics","MUS,TECH,EDU"
"Cycling Cadence and Gearing Strategy","SPO,EDU"
"Crypto ETF Inflows Weekly Recap","FIN,NEWS"
"Star Formation Regions New Images","SCI,NEWS"
"Low Impact Cardio for Recovery Days","LIF,SPO,EDU"
"Load Testing Web Apps Made Easy","TECH,EDU"
"Documentary Editing Story Structure","ENT,EDU"
"Salary Negotiation Tactics","FIN,LIF,EDU"
"Bee Population Recovery Report","SCI,NEWS"
"Platform Fighter Neutral Game Tips","GAM,EDU"
"Violin Vibrato Practice Routine","MUS,EDU"
"Robo Advisors Pros and Cons","FIN,EDU"
"Biomechanics of a Fastball","SPO,SCI,EDU"
"File Systems Crash Course","TECH,EDU"
"Polar Ice Melt Trends Visualized","SCI,NEWS"
"Minimal Meal Prep for Athletes","LIF,SPO,EDU"
"AAA Game Trailer Frame Analysis","ENT,GAM,EDU"
"Bank Stress Test Results Summary","FIN,NEWS"
"Singing Breath Support Drills","MUS,EDU"
"Quantum Networking Field Test","SCI,TECH,NEWS"
"Bluetooth Audio Codecs Compared","TECH,ENT,EDU"
"Freelance Budget Template Walkthrough","FIN,LIF,EDU"
"Gymnastics Kip Technique Breakdown","SPO,EDU"
"Vectors and Matrices for ML Intuition","TECH,EDU"
"AI Art Copyright Court Update","NEWS,ENT,TECH"
"Piano Voicing for Jazz Standards","MUS,EDU"
"Commodities Supercycle Debate","FIN,NEWS"
"Cricket Reverse Swing Science","SPO,SCI,EDU"
"API Rate Limiting Patterns","TECH,EDU"
"Supernova Remnant Discovered","SCI,NEWS"
"Healthy Eating While Traveling","LIF,EDU"
"MOBA Support Role Macro Guide","GAM,EDU"
"Film Festival Programming Strategy","ENT,EDU"
"Central Bank Digital Currency Pilot","FIN,NEWS,TECH"
"Street Dance Musicality Lessons","ENT,MUS,EDU"
"Baseball Baserunning Reads","SPO,EDU"
"Neurotech Startup Funding Trends","SCI,FIN,NEWS"
"Compiler Optimizations You Should Know","TECH,EDU"
"Therapeutic Ultrasound Research Update","SCI,NEWS"
"Ramen Broth Science at Home","LIF,SCI,EDU"
"Indie Dev Marketing on a Budget","GAM,EDU,FIN"
"Streaming Ad Tier Growth Insights","ENT,NEWS,FIN"
"Air Quality Sensors DIY Build","TECH,SCI,EDU"
"Long Term Care Insurance Basics","FIN,EDU"
"Climbing Fingerboard Protocols","SPO,EDU"
"Data Drift Detection in Production","TECH,EDU"
"Alien Planet Atmosphere Detection","SCI,NEWS"
"Morning Routine for Deep Work","LIF,EDU"
"Card Game Probability Math Tricks","GAM,EDU"
"Voice Acting Demo Reel Tips","ENT,MUS,EDU"
"Fintech Earnings Season Highlights","FIN,NEWS"
"Cosmic Microwave Background Explained","SCI,EDU"
"Noise Cancelling Earbuds Showdown","TECH,ENT"
"High Protein Vegan Meal Ideas","LIF,EDU"
"Basketball Pick and Roll Reads","SPO,EDU"
"Static Site vs CMS Tradeoffs","TECH,EDU"
"Gravitational Waves New Detector Online","SCI,NEWS,TECH"
"Choir Warmups for Blend","MUS,EDU"
"Emerging Markets Currency Watch","FIN,NEWS"
"RTS Economy Management Fundamentals","GAM,EDU"
"Soundtrack Orchestration Templates","MUS,TECH,EDU"
"Rowing Erg Technique Mistakes","SPO,EDU"
"Spreadsheet Modeling for Beginners","FIN,EDU,TECH"
"AI Model Cards Best Practices","TECH,EDU"
"Forest Ecology Restoration Project Update","SCI,NEWS"
"Meal Timing and Muscle Protein Synthesis","LIF,SCI,EDU"
"Indie Horror Lighting on a Budget","ENT,EDU"
"Platformer Movement Physics Explained","GAM,EDU"
"Bonds vs T Bills Current Landscape","FIN,NEWS"
"Exoplanet Habitability Index Refined","SCI,NEWS"
"Metabolic Conditioning Home Circuit","LIF,SPO,EDU"
"Secure Notes with End to End Encryption","TECH,EDU"
"Screenwriting Beats for Short Films","ENT,EDU"
"Retirement Glide Path Strategies","FIN,EDU"
"Volleyball Blocking Footwork","SPO,EDU"
"LoFi Drum Groove Programming","MUS,TECH,EDU"
"AI Inference on Edge Devices","TECH,EDU"
"Ancient DNA Lab Technique Breakthrough","SCI,NEWS"
"Travel Budget Spreadsheet Tutorial","LIF,FIN,EDU"
"Card Battler Deck Synergy Theory","GAM,EDU"
"Documentary Funding Sources Guide","ENT,FIN,EDU"
"Corporate Earnings Whisper Preview","FIN,NEWS"
"Chemistry of Baking Perfect Cookies","SCI,LIF,EDU"
"Racket Sports Grip Pressure Science","SPO,SCI,EDU"
"Kubernetes for Small Teams","TECH,EDU"
"New Coral Reef Bleaching Report","SCI,NEWS"
"Standing Desk Ergonomics Fixes","LIF,EDU"
"Speedrun Category Rules Clarified","GAM,NEWS"
"Music Licensing for YouTube Creators","MUS,FIN,EDU"
"ETF Expense Ratios and Tracking Error","FIN,EDU"
"Soccer Finishing Drills at Home","SPO,EDU"
"Graph Databases When to Use Them","TECH,EDU"
"Lunar Eclipse Viewing Guide","SCI,NEWS"
"Healthy Snacks for Night Owls","LIF,EDU"
"Metroidvania Map Design Principles","GAM,EDU"
"Color Theory for Brand Designers","ENT,EDU"
"Banking Sector Liquidity Monitor","FIN,NEWS"
"Brain Computer Interface Ethics","SCI,NEWS,EDU"
"Podcast Monetization Models","ENT,FIN,EDU"
"Powerlifting Meet Day Strategy","SPO,EDU"
"Data Warehouse vs Lakehouse Explained","TECH,EDU"
"Glacier Retreat Satellite Data Update","SCI,NEWS"
"Minimal Strength Routine Three Days Weekly","LIF,SPO,EDU"
"RPG Dialogue Systems Implementation","GAM,TECH,EDU"
"Film Scoring Harmony Tricks","MUS,ENT,EDU"
"Insurance Premiums Rising Factors","FIN,NEWS"
"River Flood Forecasting Improvements","SCI,NEWS,TECH"
"Home Coffee Espresso Dial In Guide","LIF,EDU"
"Bullet Hell Boss Pattern Reading","GAM,EDU"
"Indie Theater Box Office Trends","ENT,NEWS,FIN"
"Portfolio Rebalancing Calendar Method","FIN,EDU"
"CRISPR Delivery Method Advances","SCI,NEWS"
"Stadium Design Acoustics Explained","ENT,SCI,EDU"
"Smartwatch Sleep Stage Accuracy Study","TECH,LIF,NEWS"
"Rugby Breakdown Laws Explained","SPO,EDU"
"Database Indexing Pitfalls","TECH,EDU"
"Solar Flare Alert What It Means","SCI,NEWS,TECH"
"Band Rehearsal Productivity Hacks","MUS,EDU"
"Commodities Positioning Report Snapshot","FIN,NEWS"
"Turn Based Combat Initiative Systems","GAM,EDU"
"Cinematic Lighting with One Light","ENT,EDU"
"Pension Reform Proposal Summary","FIN,NEWS"
"Microbiome Diet Research Roundup","SCI,LIF,NEWS"
"Edge Cache Strategies for Speed","TECH,EDU"
"Volleyball Serve Receive Systems","SPO,EDU"
"Ear Training Daily Routine Plan","MUS,EDU"
"Bear Market Psychology and Survival","FIN,EDU"
"Asteroid Mining Feasibility Debate","SCI,NEWS"
"Minimal Phone Setup to Reduce Distraction","LIF,TECH"
"Battle Royale Endgame Decision Making","GAM,EDU"
"Fashion Week Highlights and Trends","ENT,NEWS"
"International Tax Rule Changes Brief","FIN,NEWS"
"Solar Farm Efficiency Innovations","SCI,TECH,NEWS"
"Meal Prep for Endurance Athletes","LIF,SPO,EDU"
"ML Model Monitoring with Metrics That Matter","TECH,EDU"
"Amateur Astronomy Buying Guide","SCI,EDU"
"Choir Sight Reading Strategies","MUS,EDU"
"College Budget Survival Kit","FIN,LIF,EDU"
"Pickleball Doubles Strategy Basics","SPO,EDU"
"Network Protocols Crash Course","TECH,EDU"
"Antarctic Research Station Logbook","SCI,NEWS"
"Travel Capsule Wardrobe Packing","LIF,EDU"
"MMO Guild Leadership Management Tips","GAM,EDU"
"Storyboarding for Animatics","ENT,EDU"
"Corporate Bond Market Weekly Wrap","FIN,NEWS"
"Gene Therapy Trial Enrollment Update","SCI,NEWS"
"Audio Interfaces Buyer Guide 2025","MUS,TECH"
"Hybrid Work Fitness Micro Workouts","LIF,SPO,EDU"
"GPU Architecture Generations Explained","TECH,EDU"
"Seismology Network Detects Swarm","SCI,NEWS"
"Negotiating Rent with Data","FIN,LIF,EDU"
"Sandbox Game Base Building Principles","GAM,EDU"
"Stage Presence for Solo Performers","ENT,MUS,EDU"
"Bank of Japan Policy Watch","FIN,NEWS"
"Bioluminescence Field Notes","SCI,NEWS"
"Browser Privacy Settings That Matter","TECH,EDU"
"Hamstring Injury Rehab Protocols","SPO,EDU,LIF"
"Minimal Music Composition Techniques","MUS,EDU"
"IPO Pipeline This Quarter","FIN,NEWS"
"Space Debris Cleanup Concepts","SCI,TECH,NEWS"
"Healthy Batch Cooking for Families","LIF,EDU"
"Rougelike Resource Economy Balancing","GAM,EDU"
"Animated Title Design in After Effects","ENT,TECH,EDU"
"State Budget Surplus Debate","FIN,NEWS"
"Plant Based Protein Science Review","SCI,LIF,EDU"
"Privacy Preserving Analytics Overview","TECH,EDU"
"Cricket Spin Bowling Variations","SPO,EDU"
"Fretboard Mapping for Improvisation","MUS,EDU"
"Sovereign Debt Downgrade Explained","FIN,NEWS"
"Extragalactic Survey Data Release","SCI,NEWS"
"Trail Safety and Navigation Basics","LIF,EDU"
"FPS Aim Training Routines","GAM,EDU"
"Festival Lineup Announcement Reactions","ENT,NEWS"
"Household Budget Envelope Method","FIN,EDU"
"Hydrogen Fuel Cell Update","SCI,TECH,NEWS"
"Home Office Posture Reset","LIF,EDU"
"Game AI Pathfinding Tricks","GAM,TECH,EDU"
"Casting Processes for Indie Films","ENT,EDU"
"Corporate Buyback Activity Monitor","FIN,NEWS"
"Glacier Lake Outburst Flood Risk","SCI,NEWS"
"Passwordless Authentication Explained","TECH,EDU"
"Sprint Finish Tactics in Cycling","SPO,EDU"
"Chromatic Harmony for Pop Writers","MUS,EDU"
"Bank Fees You Can Avoid","FIN,EDU"
"James Webb Spectroscopy Highlights","SCI,NEWS"
"Meal Prep with Slow Cookers","LIF,EDU"
"Rogue Lite Meta Progression Design","GAM,EDU"
"TV Pilot Script Structure Breakdown","ENT,EDU"
"Household Net Worth Report Snapshot","FIN,NEWS"
"AI for Weather Nowcasting Demo","SCI,TECH,NEWS"
"Minimalist Running Shoe Debate","SPO,LIF,NEWS"
"USB C Cables What Matters","TECH,EDU"
"Choir Conducting Gesture Basics","MUS,EDU"
"Currency Carry Trade Risks","FIN,EDU"
"Cosmic Ray Shower Detected","SCI,NEWS"
"Meal Timing for Better Sleep","LIF,EDU"
"MOBA Vision Control Mastery","GAM,EDU"
"Editing Dialogue for Pace and Clarity","ENT,EDU"
"Global Freight Rates Tracker","FIN,NEWS"
"Arctic Sea Ice Minimum Report","SCI,NEWS"
"Laptop Thermal Throttling Fixes","TECH,EDU"
"Rowing Race Strategy Pacing","SPO,EDU"
"Song Structure Variations in Modern Pop","MUS,EDU"
"Covered Calls Strategy Walkthrough","FIN,EDU"
"Volcanic Ash Aviation Advisory","SCI,NEWS"
"Low Cost Home Gym Setup","LIF,SPO,EDU"
"Procedural Generation with Noise Fields","GAM,TECH,EDU"
"Documentary Pitch Deck Essentials","ENT,EDU"
"Bank Run Dynamics Historical Cases","FIN,EDU"
"Planetary Magnetosphere Update","SCI,NEWS"
"Streaming Audio Loudness Standards","MUS,TECH,EDU"
"Sports Psychology Pre Game Routines","SPO,LIF,EDU"
"HTTP3 What Changes for Devs","TECH,EDU"
"Seagrass Restoration Success Study","SCI,NEWS"
"Healthy Dessert Swaps That Satisfy","LIF,EDU"
"RTS Hotkey Layout Optimization","GAM,EDU"
"Character Acting for Animators","ENT,EDU"
"Build a CNN From Scratch","TECH,EDU"
"Daily Stretch Routine for Coders","LIF,EDU"
"Volcano Lightning Phenomenon Explained","SCI,EDU"
"Central Bank Meeting Live Recap","FIN,NEWS"
"Indie Roguelike Review Weekly","GAM,ENT"
"Minimal Linux Distro Setup Guide","TECH,EDU"
"Genome Editing Breakthrough Announced","SCI,NEWS"
"Mortgage Refinance: When It Pays","FIN,EDU"
"Champions League Group Draw Reactions","SPO,NEWS"
"Best Noise Reduction for Podcasts","MUS,TECH,EDU"
"Budget Travel Itinerary: Japan 7 Days","LIF,EDU"
"Space Station EVA Highlights Today","SCI,NEWS"
"AI Safety Policy Proposal Summary","TECH,NEWS"
"Dividend Yield vs Growth Tradeoffs","FIN,EDU"
"Cooking Perfect Scrambled Eggs","LIF,EDU"
"Anime Fall Season Watchlist","ENT,NEWS"
"Fighting Game Neutral Fundamentals","GAM,EDU"
"New Battery Chemistry Trial Results","SCI,NEWS,TECH"
"Neural Search vs Keyword Search","TECH,EDU"
"ETF Flows and Market Sentiment","FIN,NEWS"
"Hamstring Mobility in 10 Minutes","LIF,SPO,EDU"
"Volleyball Setter Decision Trees","SPO,EDU"
"Audio Mixing: EQ Before Compression?","MUS,EDU,TECH"
"Arctic Ice Core Findings This Year","SCI,NEWS"
"Why Food Prices Keep Rising","FIN,NEWS,LIF"
"Designing Accessible Web Forms","TECH,EDU"
"Open World Game Quest Design Tips","GAM,EDU"
"Best Budget Microphones Ranked","MUS,TECH,ENT"
"NBA Media Day Biggest Storylines","SPO,NEWS"
"Healthy Smoothies That Actually Fill You","LIF,EDU"
"Inflation Hedge Assets Compared","FIN,EDU"
"Telescope Collimation Step by Step","SCI,EDU"
"USB-C Power Delivery Myths","TECH,EDU"
"Esports Player Transfer Window Recap","GAM,NEWS"
"Classic Film Restorations Announced","ENT,NEWS"
"Piano Hand Independence Exercises","MUS,EDU"
"Soccer Pressing Triggers Explained","SPO,EDU"
"High-Protein Vegetarian Meal Plan","LIF,EDU"
"Crypto Network Upgrade Explained","FIN,TECH,NEWS"
"Quantum Tunneling Intuition","SCI,EDU"
"Backtesting a Momentum Strategy","FIN,EDU,TECH"
"Capture Stunning Night City Photos","ENT,EDU"
"Metroidvania Level Gating Techniques","GAM,EDU"
"Docker Compose for Local Stacks","TECH,EDU"
"Glucose Spikes and Energy Levels","LIF,SCI,EDU"
"Gravitational Lensing New Images","SCI,NEWS"
"Weekly Startup Funding Heatmap","FIN,NEWS,TECH"
"How to Warm Up for 5K PR","SPO,EDU"
"Guitar Modes Demystified","MUS,EDU"
"Cloud Costs: Spot vs Reserved","TECH,FIN,EDU"
"Housing Starts Miss Expectations","FIN,NEWS"
"Comet Fragmentation Event Report","SCI,NEWS"
"Chess Endgame Opposition Basics","SPO,EDU"
"Arpeggios for Lo-Fi Chords","MUS,EDU"
"AI Prompt Pitfalls and Fixes","TECH,EDU"
"Sourdough Starter Rescue Guide","LIF,EDU"
"Box Office Weekend Winners","ENT,NEWS"
"RPG Status Effects Balancing","GAM,EDU"
"GDP Print: Sector Contribution Map","FIN,NEWS"
"Fusion Reactor Milestone Reached","SCI,NEWS,TECH"
"Home Networking: VLANs Explained","TECH,EDU"
"Baseball Pitch Sequencing Tactics","SPO,EDU"
"Healthy Batch Cooking Sundays","LIF,EDU"
"Orchestra Seating and Blend Secrets","MUS,EDU,ENT"
"Breaking: Antitrust Ruling Handed Down","NEWS,FIN,TECH"
"Black Hole Jet Measurement Update","SCI,NEWS"
"Reactive UI Patterns in Frontends","TECH,EDU"
"Esports Patch Day Winners and Losers","GAM,NEWS"
"Festival Circuit Award Buzz","ENT,NEWS"
"Municipal Bonds vs Treasuries","FIN,EDU"
"Pasta Sauces Three Ways","LIF,EDU"
"Volleyball Middle Quick Timing","SPO,EDU"
"Microphone Polar Patterns 101","MUS,TECH,EDU"
"Planetary Rings Stability Models","SCI,EDU"
"Labor Market Report: Key Charts","FIN,NEWS"
"Secure Secrets in CI Pipelines","TECH,EDU"
"Boss Fight Telegraph Reading Skills","GAM,EDU"
"Cinematic Aspect Ratios Explained","ENT,EDU"
"AI Policy Hearing Key Quotes","TECH,NEWS"
"Budget vs Luxury: Inflation Effects","FIN,NEWS,LIF"
"Strength Training for Runners","SPO,LIF,EDU"
"Counterpoint for Modern Producers","MUS,EDU"
"CRDTs for Collaborative Editing","TECH,EDU"
"Meteor Shower Tonight Viewing Tips","SCI,NEWS"
"Credit Card Rewards Strategy Playbook","FIN,EDU,LIF"
"Creative Writing Prompt Pack","ENT,EDU"
"MMO Raid Role Fundamentals","GAM,EDU"
"Fiscal Deficit Explained Simply","FIN,EDU"
"Rapid Prototyping with Figma Tips","ENT,TECH,EDU"
"RNA Vaccine Platform Progress","SCI,NEWS"
"Cloud Logging Without the Noise","TECH,EDU"
"Club Tryout Prep: Agility Ladder","SPO,EDU"
"Mindful Morning Routines That Stick","LIF,EDU"
"Jazz Comping: Shell Voicings","MUS,EDU"
"Credit Spreads Widen: What It Means","FIN,NEWS"
"Lagrange Points: Why They Matter","SCI,EDU"
"Static Analysis for Safer Code","TECH,EDU"
"Rogue Lite Economy Sink Design","GAM,EDU"
"TV Writers Room Structure 101","ENT,EDU"
"CPI vs PCE: Inflation Metrics","FIN,EDU,NEWS"
"Dark Matter Detection Attempts","SCI,NEWS"
"gRPC vs REST Tradeoffs","TECH,EDU"
"Biomechanics of a Perfect Squat","SPO,LIF,EDU"
"Meal Prep: Five Ingredients Only","LIF,EDU"
"Warm Analog Tape Saturation Tips","MUS,TECH,EDU"
"Earnings Season: Surprise Leaders","FIN,NEWS"
"Exoplanet Atmosphere Spectra Guide","SCI,EDU"
"Feature Flags Without Tech Debt","TECH,EDU"
"Fighting Game Hit Confirm Practice","GAM,EDU"
"Stage Lighting on a Budget","ENT,EDU"
"Treasury Yield Curve Inverts Again","FIN,NEWS"
"Solar Wind Increase Alerts Issued","SCI,NEWS,TECH"
"Password Managers: Offline Options","TECH,EDU"
"Basketball Closeout Footwork","SPO,EDU"
"Meal Timing for Muscle Gain","LIF,EDU"
"Song Transitions for DJ Sets","MUS,EDU"
"Global PMIs Flash Readings","FIN,NEWS"
"Galaxy Cluster Merger Simulation","SCI,EDU,NEWS"
"Kubernetes Autoscaling Gotchas","TECH,EDU"
"Speedrun Marathon Highlights","GAM,NEWS"
"Film Pitch Deck Case Study","ENT,EDU"
"Commodities Weekly: Oil and Copper","FIN,NEWS"
"CRISPR Off-Target Risk Paper","SCI,NEWS"
"Build Keyboard Shortcuts Like a Pro","TECH,EDU"
"Soccer Set Piece Routines","SPO,EDU"
"HIIT vs Zone 2: When and Why","LIF,SPO,EDU"
"Vocal Warmups for Range","MUS,EDU"
"Money Market vs HY Savings","FIN,EDU"
"Space Weather: Satellite Risks Today","SCI,NEWS,TECH"
"WebAuthn Passkeys in Practice","TECH,EDU"
"RPG Dialog Trees That Feel Natural","GAM,EDU"
"Cultural Festival Highlights Recap","ENT,NEWS"
"Unemployment Claims Surprise Drop","FIN,NEWS"
"Superconductivity Room Temp Claim Review","SCI,NEWS"
"Data Contracts for Analytics","TECH,EDU"
"Track Sprint Block Setup Basics","SPO,EDU"
"Kitchen Knife Skills in 15 Minutes","LIF,EDU"
"Reharmonization Tricks for Pop Ballads","MUS,EDU"
"Corporate Guidance vs Street Estimates","FIN,EDU"
"Astrobiology: Life in Subsurface Oceans","SCI,EDU"
"Vector Databases: When to Use","TECH,EDU"
"MOBA Jungle Pathing Theory","GAM,EDU"
"Trailer Music Sound Design Tips","ENT,MUS,EDU"
"Inflation Expectations and TIPS","FIN,EDU"
"Seismic Tomography Reveals Mantle Plumes","SCI,NEWS"
"API Gateways vs Service Mesh","TECH,EDU"
"Soccer False Nine Explained","SPO,EDU"
"Sleep Hygiene for Deep Rest","LIF,EDU"
"Acoustic Guitar Alternate Tunings","MUS,EDU"
"Debt Ceiling Deadline Approaches","FIN,NEWS"
"New Exoplanet in Habitable Zone","SCI,NEWS"
"Retries and Circuit Breakers 101","TECH,EDU"
"Boss DPS Checks: Prep and Strategy","GAM,EDU"
"Indie Documentary Crowdfunding Playbook","ENT,FIN,EDU"
"Housing Affordability Index Dips","FIN,NEWS"
"Cosmic Rays and Airline Flights","SCI,EDU,NEWS"
"Database Sharding Fundamentals","TECH,EDU"
"Tennis Return Positioning Maps","SPO,EDU"
"Meal Prep Under \$30 a Week","LIF,EDU,FIN"
"Vocal Mic Placement for Clarity","MUS,TECH,EDU"
"Bank Capital Rules Explained","FIN,EDU,NEWS"
"Galactic Rotation Curves Mystery","SCI,EDU"
"Web Performance: Core Web Vitals","TECH,EDU"
"Card Game Mulligan Math","GAM,EDU"
"Film Editing Rhythm: L Cut vs J Cut","ENT,EDU"
"CPI Report: Shelter Component Focus","FIN,NEWS"
"Ocean Heat Content Hits Record","SCI,NEWS"
"Local First Apps with Sync","TECH,EDU"
"Basketball Off-Ball Screening","SPO,EDU"
"Kitchen Batch Sauces for Weeknights","LIF,EDU"
"Jazz Walking Bass Line Basics","MUS,EDU"
"FX Market: Dollar Index at Pivot","FIN,NEWS"
"Lunar Ice Mining Concepts","SCI,NEWS,TECH"
"Container Security Essentials","TECH,EDU"
"MOBA Wave Management Basics","GAM,EDU"
"TV Showrunner AMA Highlights","ENT,NEWS"
"Retail Sales Miss: Sector Breakdown","FIN,NEWS"
"Habitable Zone Redefined Study","SCI,NEWS"
"Functional Programming in Practice","TECH,EDU"
"Baseball Outfield Angles and Reads","SPO,EDU"
"Home Coffee: Grind Size Science","LIF,EDU"
"Choir Diction for Live Rooms","MUS,EDU"
"Recession Indicators Dashboard","FIN,NEWS"
"Asteroid Occultation Observation Guide","SCI,EDU"
"Designing Idempotent APIs","TECH,EDU"
"Fighting Game Option Selects","GAM,EDU"
"Documentary Sound Capture On-Set","ENT,TECH,EDU"
"Bank Earnings: NIM Compression Watch","FIN,NEWS"
"Protein Folding AI Update","SCI,NEWS,TECH"
"CLI Tools That Save Hours","TECH,EDU"
"Soccer Midfield Diamond Shapes","SPO,EDU"
"Meal Plan: High Fiber Week","LIF,EDU"
"Piano Comping Rhythms for Ballads","MUS,EDU"
"Fiscal Policy vs Monetary Policy","FIN,EDU"
"Interstellar Dust Map Released","SCI,NEWS"
"Event-Driven Architectures Primer","TECH,EDU"
"Speedrun RNG Manipulation Basics","GAM,EDU"
"Story Structure: Save the Cat Beats","ENT,EDU"
"CFTC Report: Spec Positioning","FIN,NEWS"
"Seafloor Mapping Mission Update","SCI,NEWS"
"AuthN vs AuthZ: Clear Distinctions","TECH,EDU"
"Basketball Zone Offense Concepts","SPO,EDU"
"Meal Prep: 20-Minute Dinners","LIF,EDU"
"Mix Bus Compression Strategies","MUS,TECH,EDU"
"Credit Cycle: Early vs Late Signs","FIN,EDU"
"Cosmology: Baryon Acoustic Oscillations","SCI,EDU"
"Caching Strategies Beyond TTL","TECH,EDU"
"RPG Enemy Telegraph Design","GAM,EDU"
"Film Blocking: Power Dynamics","ENT,EDU"
"Payrolls Beat: Market Reaction Map","FIN,NEWS"
"Marine Heatwave Impacts Fisheries","SCI,NEWS"
"PostgreSQL Query Plans Demystified","TECH,EDU"
"Track Cycling Pacing Plans","SPO,EDU"
"Plant-Based Sheet Pan Dinners","LIF,EDU"
"Vocal Harmony: Thirds vs Sixths","MUS,EDU"
"Term Premium and Bond Volatility","FIN,EDU"
"Exoplanet Transit Timing Variations","SCI,EDU,NEWS"
"Secure by Default Config Checklist","TECH,EDU"
"MOBA Vision Traps and Sweeps","GAM,EDU"
"Casting Non-Actors: Tips and Risks","ENT,EDU"
"Corporate Buybacks: Signal or Noise","FIN,EDU,NEWS"
"Aurora Forecast and Photography Tips","SCI,NEWS,EDU"
"Data Lineage and Governance Basics","TECH,EDU"
"Tennis Split Step Timing","SPO,EDU"
"High-Protein Breakfasts for Focus","LIF,EDU"
"Fingerstyle Travis Picking Drill","MUS,EDU"
"Household Debt Report Takeaways","FIN,NEWS"
"Asteroid Sample Return First Look","SCI,NEWS"
"Distributed Tracing for Microservices","TECH,EDU"
"Rogue Lite Meta Reset Design","GAM,EDU"
"Pitch Deck Storytelling Framework","ENT,EDU"
"PPI Surprise Upside: Why It Matters","FIN,NEWS"
"Coral Reef Restoration Nursery Update","SCI,NEWS"
"Static Site Generators Compared","TECH,EDU"
"Soccer Overloads and Underloads","SPO,EDU"
"Travel Meal Prep: Hotel Room Hacks","LIF,EDU"
"Piano Voicings: Drop 2 Basics","MUS,EDU"
"Inflation Seasonality and Base Effects","FIN,EDU"
"Galaxy Filament Mapping Results","SCI,NEWS"
"Testing Pyramid in 2025","TECH,EDU"
"Fighting Game Whiff Punish Drills","GAM,EDU"
"Crowd Funding Perk Ideas That Convert","ENT,FIN,EDU"
"Consumer Confidence Slides: Impact","FIN,NEWS"
"Deep Sea Vent Ecosystems Study","SCI,NEWS"
"Terraform State Management Pitfalls","TECH,EDU"
"Basketball Horns Actions Explained","SPO,EDU"
"Weeknight Stir Fry Formula","LIF,EDU"
"Choir Blend: Section Leader Tactics","MUS,EDU"
"Why Buy the Rumor, Sell the News","FIN,EDU"
"Neutrino Mass Measurement Update","SCI,NEWS"
"API Pagination Patterns","TECH,EDU"
"RPG Inventory Friction Design","GAM,EDU"
"Editing Montages That Flow","ENT,EDU"
"Retail Earnings: Traffic vs Ticket","FIN,NEWS"
"Stratospheric Ozone Recovery Report","SCI,NEWS"
"Feature Stores for ML Systems","TECH,EDU"
"Soccer Counterpress Triggers","SPO,EDU"
"Microwave Meal Prep for Students","LIF,EDU"
"Guitar Hybrid Picking Starter","MUS,EDU"
"Budget Deficit: Primary vs Total","FIN,EDU"
"Dark Energy Survey Release Notes","SCI,NEWS"
"Edge Databases and Sync Conflicts","TECH,EDU"
"MOBA Peel vs Engage Decisions","GAM,EDU"
"Short Film Scheduling Template","ENT,EDU"
"Global Freight Bottlenecks Easing","FIN,NEWS"
"Hydrology: Watershed Modeling 101","SCI,EDU"
"Sensible Defaults for Backend Services","TECH,EDU"
"Cricket Death Bowling Tactics","SPO,EDU"
"Meal Prep: Freezer Burritos Guide","LIF,EDU"
"Choir Tuning to Piano vs A Cappella","MUS,EDU"
"FX Volatility Spikes: Causes","FIN,NEWS"
"Brown Dwarf Weather Observation","SCI,NEWS"
"Load Shedding and Backpressure","TECH,EDU"
"Fighting Game Throw Tech Windows","GAM,EDU"
"Lighting Setups for Interviews","ENT,EDU"
"Small Caps vs Large Caps Rotation","FIN,NEWS"
"Comet Outburst Spectroscopy","SCI,NEWS"
"Schema Evolution Without Downtime","TECH,EDU"
"Soccer Third-Man Runs Training","SPO,EDU"
"Overnight Oats Four Variations","LIF,EDU"
"Piano Cadences: Authentic vs Plagal","MUS,EDU"
"Corporate Default Cycle Watch","FIN,NEWS"
"Planetary Nebulae Morphology Guide","SCI,EDU"
"Zero Downtime Deployments Basics","TECH,EDU"
"RPG Crafting Systems That Engage","GAM,EDU"
"Film Grain vs Noise: Aesthetic Choices","ENT,EDU"
"Household Balance Sheet Checkup","FIN,EDU"
"Sunspot Cycle and Radio Comms","SCI,NEWS"
"Request Coalescing for APIs","TECH,EDU"
"Basketball Baseline Out-of-Bounds Plays","SPO,EDU"
"Sheet Pan Dinners: Five Combos","LIF,EDU"
"Vocal Fry: Use and Misuse","MUS,EDU"
"Fiscal Multipliers: What Studies Show","FIN,EDU"
"Galactic Cosmic Rays and Climate","SCI,EDU,NEWS"
"Streams vs Queues: Picking the Right One","TECH,EDU"
"Racing Game Apex and Exit Speed","GAM,EDU"
"Color Grading Skin Tones Naturally","ENT,EDU"
"Credit Impulse Turns Positive","FIN,NEWS"
"Cave Microbiome Discovery","SCI,NEWS"
"Columnar vs Row Storage Explained","TECH,EDU"
"Soccer Wingback Roles in 3-5-2","SPO,EDU"
"One-Pot Lentil Soup Meal Prep","LIF,EDU"
"Chord Melody for Solo Guitar","MUS,EDU"
"Liquidity Traps and Policy Options","FIN,EDU"
"Tidal Heating and Icy Moons","SCI,EDU"
"Queues, Retries, and Idempotency","TECH,EDU"
"MMO Auction House Arbitrage Tips","GAM,EDU"
"Documentary B-Roll Shot List","ENT,EDU"
"Bank Capital Buffers in Focus","FIN,NEWS"
"Marine Snow Carbon Cycle Study","SCI,NEWS"
"Secrets Management at the Edge","TECH,EDU"
"Cricket Field Placements Explained","SPO,EDU"
"15-Minute Desk Pilates","LIF,EDU"
"Rhythm Guitar Groove Builders","MUS,EDU"
"Household Budget: 50/30/20 Rule","FIN,EDU"
"Microlensing Planet Discovery","SCI,NEWS"
"HTTP Caching with ETags","TECH,EDU"
"Esports Draft Mind Games","GAM,EDU"
"Logline Writing for Pitches","ENT,EDU"
"Corporate Margins and Productivity","FIN,NEWS"
"Polar Research Icebreaker Mission","SCI,NEWS"
"Data Skew in Distributed Systems","TECH,EDU"
"Soccer Counterattack Patterns","SPO,EDU"
"Air Fryer Basics: Crispy Veggies","LIF,EDU"
"Piano Practice: Deliberate Methods","MUS,EDU"
"Carry Trade Unwind Risks","FIN,NEWS"
"Star Formation Feedback Models","SCI,EDU"
"Retries, Jitter, and Backoff","TECH,EDU"
"Boss Enrage Timers: Team Roles","GAM,EDU"
"Short Film Sound Mix Checklist","ENT,EDU"
"Consumer Credit Delinquencies Edge Up","FIN,NEWS"
"Antarctic Ice Shelf Fracture Watch","SCI,NEWS"
"Service Level Objectives That Matter","TECH,EDU"
"Rowing Catch Timing Drills","SPO,EDU"
"Five Salads That Keep All Week","LIF,EDU"
"Vocal Resonance Placement","MUS,EDU"
"Yield Curve Control Case Study","FIN,EDU"
"Gamma-Ray Burst Afterglow Report","SCI,NEWS"
"Idempotent Consumers with Exactly-Once Feel","TECH,EDU"
"FPS Crosshair Placement Training","GAM,EDU"
"Blocking vs Staging: Scene Power","ENT,EDU"
"Retail Inventory Build: Macro Read","FIN,NEWS"
"Hydrothermal Vent Chemistry Update","SCI,NEWS"
"Database Connection Pool Tuning","TECH,EDU"
"Soccer Pressing Traps on Wings","SPO,EDU"
"Overnight Protein Oats Four Ways","LIF,EDU"
"Jazz Turnarounds You Must Know","MUS,EDU"
"Budget Deficit Cyclically Adjusted","FIN,EDU"
"White Dwarf Cooling Anomalies","SCI,NEWS"
"gRPC Streaming Patterns","TECH,EDU"
"Deck Builder Card Advantage Theory","GAM,EDU"
"Cinematic Foley: DIY Techniques","ENT,EDU"
"High-Yield Bonds vs Loans","FIN,EDU"
"Subglacial Lake Mapping Campaign","SCI,NEWS"
"Temporal Tables for Audit Trails","TECH,EDU"
"Soccer Build-Up Against High Press","SPO,EDU"
"Batch Cooking: Beans Three Ways","LIF,EDU"
"Modal Interchange for Pop Hooks","MUS,EDU"
"Revisions to GDP: What Changes","FIN,NEWS"
"Volcanic Ash Cloud Aviation Risks","SCI,NEWS"
"Message Deduplication Strategies","TECH,EDU"
"Fighting Game Burst Baiting","GAM,EDU"
"Storyboard to Shot List Workflow","ENT,EDU"
"Corporate Guidance Cuts: Reading Signals","FIN,NEWS"
"Seagrass Carbon Sequestration Study","SCI,NEWS"
"OpenTelemetry for Observability","TECH,EDU"
"Basketball Spain PnR Variations","SPO,EDU"
"Meal Prep: Protein Bowls","LIF,EDU"
"Vocal Range Extension Safely","MUS,EDU"
"Stagflation: Indicators and History","FIN,EDU"
"Interplanetary Transfer Windows","SCI,EDU"
"Backpressure with Async Messaging","TECH,EDU"
"Speedrun Route Planning Process","GAM,EDU"
"Casting Call Sheet Example","ENT,EDU"
"FX Intervention: How It Works","FIN,EDU,NEWS"
"Marine Protected Area Expansion","SCI,NEWS"
"Column-Oriented OLAP Patterns","TECH,EDU"
"Soccer Inverted Fullbacks Usage","SPO,EDU"
"Five-Minute Desk Lunch Ideas","LIF,EDU"
"Chord Substitutions: Tritone Tricks","MUS,EDU"
"Household Inflation: Personal CPI","FIN,EDU"
"Comet Dust Tail Dynamics","SCI,EDU"
"API Quotas and Rate Limits Design","TECH,EDU"
"RPG Skill Trees That Matter","GAM,EDU"
"Lighting Continuity Across Scenes","ENT,EDU"
"Corporate Tax Reform Debate","FIN,NEWS"
"Arctic Permafrost Carbon Release","SCI,NEWS"
"Idempotent Sagas and Orchestration","TECH,EDU"
"Cricket Powerplay Scoring Options","SPO,EDU"
"One-Pot High-Protein Pasta","LIF,EDU"
"Voice Leading for Pop Piano","MUS,EDU"
"Labor Force Participation Trends","FIN,NEWS"
"Galactic Halo Mapping Progress","SCI,NEWS"
"Serverless Cold Starts Reduced","TECH,EDU"
"MOBA Baron Dance Win Conditions","GAM,EDU"
"Film Table Read: Best Practices","ENT,EDU"
"Household Savings Rate Slips","FIN,NEWS"
"Planetary Magnetotail Observations","SCI,NEWS"
"HTTP/3 in the Real World","TECH,EDU"
"Basketball Staggered Screens Usage","SPO,EDU"
"Meal Prep: Roasted Veggie Trays","LIF,EDU"
"Guitar Economy Picking Workout","MUS,EDU"
"Corporate Leverage Risk Monitor","FIN,NEWS"
"Starquake Observation Notes","SCI,NEWS"
"Async APIs: Webhooks vs WebSockets","TECH,EDU"
"Fighting Game Movement Drills","GAM,EDU"
"Shot Reverse Shot Emotional Beats","ENT,EDU"
"Retail Foot Traffic Heatmap Weekly","FIN,NEWS"
"Ocean Salinity Trend Atlas","SCI,NEWS"
"SQL Window Functions Cheat Sheet","TECH,EDU"
"Soccer xG Build-Up Chains","SPO,EDU"
"Micro-Mobility: Safer Commuting Tips","LIF,EDU"
"Piano Rhythm: Anticipations and Ties","MUS,EDU"
"Corporate Cash Flow Red Flags","FIN,EDU"
"Asteroid Family Origins Updated","SCI,NEWS"
"Circuit Breakers on Exchanges Explained","FIN,EDU,NEWS"
"Memory Leaks in Long-Running Services","TECH,EDU"
"RPG Encounter Budgeting Math","GAM,EDU"
"Casting Contracts 101","ENT,EDU"
"Money Velocity and Growth","FIN,EDU"
"Solar Irradiance Variability Report","SCI,NEWS"
"Rate Limiting with Token Bucket","TECH,EDU"
"Tennis Patterns: Serve + 1","SPO,EDU"
"Prep a Week of Grain Bowls","LIF,EDU"
"Chord Progressions: Axis of Awesome","MUS,EDU"
"Retail Sales Seasonality Patterns","FIN,EDU"
"Deep Field Galaxy Counts Updated","SCI,NEWS"
"Zero Trust Network Basics","TECH,EDU"
"MOBA Split Push Macro","GAM,EDU"
"Film Coverage: Get the Angles You Need","ENT,EDU"
"Producer Price Pressure Map","FIN,NEWS"
"Marine Snow Flux Quantified","SCI,NEWS"
"Safe Feature Rollouts with Flags","TECH,EDU"
"Basketball Ghost Screens Tactics","SPO,EDU"
"Overnight Slow Cooker Staples","LIF,EDU"
"Choir Stagger Breathing Strategy","MUS,EDU"
"Bank Liquidity Coverage Ratio Guide","FIN,EDU"
"Exoplanet Direct Imaging Roadmap","SCI,NEWS"
"Horizontal vs Vertical Scaling","TECH,EDU"
"Card Game Tempo vs Value","GAM,EDU"
"Script Coverage: What Readers Want","ENT,EDU"
"Household Debt Service Ratio Watch","FIN,NEWS"
"Ocean Circulation Shift Detected","SCI,NEWS"
"API Schema Governance Tips","TECH,EDU"
"Track Spikes: Picking the Right Pair","SPO,EDU"
"Five-Day Slow Carb Menu","LIF,EDU"
"Jazz II-V-I Variations","MUS,EDU"
"Fiscal Drag vs Stimulus Effects","FIN,EDU"
"Supernova Neutrino Burst Alert","SCI,NEWS"
"Event Sourcing vs CRUD","TECH,EDU"
"RPG AI Behavior Trees","GAM,EDU"
"Scene Transitions That Feel Invisible","ENT,EDU"
"Corporate Earnings Beat-Miss Diffusion","FIN,NEWS"
"Arctic Methane Plume Survey","SCI,NEWS"
"API Versioning Without Pain","TECH,EDU"
"Soccer Half-Space Occupation","SPO,EDU"
"Five Ingredient Lunches","LIF,EDU"
"Polyrhythms for Beginners","MUS,EDU"
"Global Trade Balance Shifts","FIN,NEWS"
"Galactic Bar Dynamics","SCI,EDU"
"Autoscaling With Workload Patterns","TECH,EDU"
"MOBA Objective Trading Math","GAM,EDU"
"Lighting Actors with Practical Lamps","ENT,EDU"
"Real Wages vs Inflation Explained","FIN,EDU"
"Ocean Eddy Kinetic Energy Map","SCI,NEWS"
"Lock-Free vs Mutex Tradeoffs","TECH,EDU"
"Basketball Hammer Action Breakdown","SPO,EDU"
"Meal Prep: Protein Pancake Mix","LIF,EDU"
"Ear Training: Interval Recognition","MUS,EDU"
"Yield Spreads and Recession Odds","FIN,EDU"
"Lunar Lava Tube Habitat Concepts","SCI,NEWS"
"Saga Patterns for Long Transactions","TECH,EDU"
"Card Game Curve Theory","GAM,EDU"
"Script Outlines That Sell","ENT,EDU"
"Bank Stress Scenarios Explained","FIN,EDU"
"Exoplanet Albedo Measurements","SCI,NEWS"
"Queues vs Streams in Analytics","TECH,EDU"
"Cricket Wrist Spin Control Drills","SPO,EDU"
"Travel Snacks That Pack Protein","LIF,EDU"
"Harmonic Rhythm in Songwriting","MUS,EDU"
"Household Energy Cost Saving Tips","FIN,LIF,EDU"
"Star Formation Efficiency Debate","SCI,NEWS"
"Database Normalization Levels","TECH,EDU"
"MOBA Flank vs Front-to-Back","GAM,EDU"
"Shot Lists for Action Scenes","ENT,EDU"
"Consumer Sentiment Rebounds","FIN,NEWS"
"Polar Night Expedition Prep","SCI,NEWS"
"Backpressure in Kafka Pipelines","TECH,EDU"
"Soccer Rest Defense Structures","SPO,EDU"
"One-Pan High-Protein Breakfasts","LIF,EDU"
"Voice Leading for Guitar Triads","MUS,EDU"
"Household Tax Optimization Basics","FIN,EDU"
"Cometary Jet Formation Research","SCI,NEWS"
"Latency Budgets for APIs","TECH,EDU"
"RPG Cooldowns and Burst Windows","GAM,EDU"
"Storyboard Your Documentary","ENT,EDU"
"Corporate Credit Impulse Tracker","FIN,NEWS"
"Arctic Krill Population Update","SCI,NEWS"
"Testing in Production Safely","TECH,EDU"
"Soccer Restarts: Throw-Ins Tactics","SPO,EDU"
"Meal Prep: High-Fiber Soups","LIF,EDU"
"Counterpoint for Beat Makers","MUS,EDU"
"Inflation Basket Composition Changes","FIN,NEWS"
"Magnetar Flare Observation","SCI,NEWS"
"API Idempotency Keys Explained","TECH,EDU"
"Fighting Game Meaty Setups","GAM,EDU"
"Blocking Diagrams for Scenes","ENT,EDU"
"Retail Inventory to Sales Ratio","FIN,NEWS"
"Ocean Upwelling Shift Report","SCI,NEWS"
"Retry Storms and Thundering Herds","TECH,EDU"
"Basketball Spain PnR Counters","SPO,EDU"
"Five-Minute Protein Snacks","LIF,EDU"
"Secondary Dominants for Pop Hooks","MUS,EDU"
"Real Rates and Equity Valuations","FIN,EDU"
"Planetary Caustics in Microlensing","SCI,EDU"
"Encrypted Search: Private Queries","TECH,EDU"
"Card Game Mulligan Heuristics","GAM,EDU"
"Prep Your Pitch for Festivals","ENT,EDU"
"Bank Lending Standards Tighten","FIN,NEWS"
"Sea Ice Extent Sets Record Low","SCI,NEWS"
"API Timeouts That Save Systems","TECH,EDU"
"Tennis Approach Shot Patterns","SPO,EDU"
"Batch Cooking: Chicken Three Ways","LIF,EDU"
"Pentatonic Substitutions for Jazz","MUS,EDU"
"Household Budget Calendar Method","FIN,EDU"
"Galaxy Rotation Bar Pattern Speed","SCI,EDU"
"Async Message Ordering Guarantees","TECH,EDU"
"MOBA Objective Stacking Strategy","GAM,EDU"
"Film ADR: When and How","ENT,EDU"
